btn-find-out-more-cn-hover.png,FindOutMore-Hover-zh_CN.png,ren btn-find-out-more-cn-hover.png FindOutMore-Hover-zh_CN.png
btn-find-out-more-cn.png,FindOutMore-zh_CN.png,ren btn-find-out-more-cn.png FindOutMore-zh_CN.png
btn-find-out-more-de-hover.png,FindOutMore-Hover-de_DE.png,ren btn-find-out-more-de-hover.png FindOutMore-Hover-de_DE.png
btn-find-out-more-de.png,FindOutMore-de_DE.png,ren btn-find-out-more-de.png FindOutMore-de_DE.png
btn-find-out-more-en-hover.png,FindOutMore-Hover-en_AU.png,ren btn-find-out-more-en-hover.png FindOutMore-Hover-en_AU.png
btn-find-out-more-en.png,FindOutMore-en_AU.png,ren btn-find-out-more-en.png FindOutMore-en_AU.png
btn-find-out-more-es-hover.png,FindOutMore-Hover-es_ES.png,ren btn-find-out-more-es-hover.png FindOutMore-Hover-es_ES.png
btn-find-out-more-es.png,FindOutMore-es_ES.png,ren btn-find-out-more-es.png FindOutMore-es_ES.png
btn-find-out-more-fr-hover.png,FindOutMore-Hover-fr_FR.png,ren btn-find-out-more-fr-hover.png FindOutMore-Hover-fr_FR.png
btn-find-out-more-fr.png,FindOutMore-fr_FR.png,ren btn-find-out-more-fr.png FindOutMore-fr_FR.png
btn-find-out-more-hk-hover.png,FindOutMore-Hover-zh_HK.png,ren btn-find-out-more-hk-hover.png FindOutMore-Hover-zh_HK.png
btn-find-out-more-hk.png,FindOutMore-zh_HK.png,ren btn-find-out-more-hk.png FindOutMore-zh_HK.png
,,ren  
btn-find-out-more-id-hover.png,FindOutMore-Hover-id_ID.png,ren btn-find-out-more-id-hover.png FindOutMore-Hover-id_ID.png
btn-find-out-more-id.png,FindOutMore-id_ID.png,ren btn-find-out-more-id.png FindOutMore-id_ID.png
btn-find-out-more-it-hover.png,FindOutMore-Hover-it_IT.png,ren btn-find-out-more-it-hover.png FindOutMore-Hover-it_IT.png
btn-find-out-more-it.png,FindOutMore-it_IT.png,ren btn-find-out-more-it.png FindOutMore-it_IT.png
btn-find-out-more-jp-hover.png,FindOutMore-Hover-ja_JP.png,ren btn-find-out-more-jp-hover.png FindOutMore-Hover-ja_JP.png
btn-find-out-more-jp.png,FindOutMore-ja_JP.png,ren btn-find-out-more-jp.png FindOutMore-ja_JP.png
btn-find-out-more-kr-hover.png,FindOutMore-Hover-ko_KR.png,ren btn-find-out-more-kr-hover.png FindOutMore-Hover-ko_KR.png
btn-find-out-more-kr.png,FindOutMore-ko_KR.png,ren btn-find-out-more-kr.png FindOutMore-ko_KR.png
btn-find-out-more-my-hover.png,FindOutMore-Hover-ms_MY.png,ren btn-find-out-more-my-hover.png FindOutMore-Hover-ms_MY.png
btn-find-out-more-my.png,FindOutMore-ms_MY.png,ren btn-find-out-more-my.png FindOutMore-ms_MY.png
btn-find-out-more-pl-hover.png,FindOutMore-Hover-pl_PL.png,ren btn-find-out-more-pl-hover.png FindOutMore-Hover-pl_PL.png
btn-find-out-more-pl.png,FindOutMore-pl_PL.png,ren btn-find-out-more-pl.png FindOutMore-pl_PL.png
btn-find-out-more-pt-hover.png,FindOutMore-Hover-pt_PT.png,ren btn-find-out-more-pt-hover.png FindOutMore-Hover-pt_PT.png
btn-find-out-more-pt.png,FindOutMore-pt_PT.png,ren btn-find-out-more-pt.png FindOutMore-pt_PT.png
btn-find-out-more-ru-hover.png,FindOutMore-Hover-ru_RU.png,ren btn-find-out-more-ru-hover.png FindOutMore-Hover-ru_RU.png
btn-find-out-more-ru.png,FindOutMore-ru_RU.png,ren btn-find-out-more-ru.png FindOutMore-ru_RU.png
btn-find-out-more-se-hover.png,FindOutMore-Hover-se_SV.png,ren btn-find-out-more-se-hover.png FindOutMore-Hover-se_SV.png
btn-find-out-more-se.png,FindOutMore-se_SV.png,ren btn-find-out-more-se.png FindOutMore-se_SV.png
btn-find-out-more-th-hover.png,FindOutMore-Hover-th_TH.png,ren btn-find-out-more-th-hover.png FindOutMore-Hover-th_TH.png
btn-find-out-more-th.png,FindOutMore-th_TH.png,ren btn-find-out-more-th.png FindOutMore-th_TH.png
btn-find-out-more-tw-hover.png,FindOutMore-Hover-zh_TW.png,ren btn-find-out-more-tw-hover.png FindOutMore-Hover-zh_TW.png
btn-find-out-more-tw.png,FindOutMore-zh_TW.png,ren btn-find-out-more-tw.png FindOutMore-zh_TW.png
